new google.maps.LatLng,(,37.67249458,",",127.2831603,),","
new google.maps.LatLng,(,37.3858075,",",126.9867011,),","
new google.maps.LatLng,(,37.13784021,",",127.0373438,),","
new google.maps.LatLng,(,37.98862317,",",127.2102985,),","
new google.maps.LatLng,(,37.06576048,",",127.1283671,),","
new google.maps.LatLng,(,37.93604466,",",126.7449592,),","
new google.maps.LatLng,(,37.73039849,",",126.864148,),","
new google.maps.LatLng,(,37.87738356,",",126.7568142,),","
new google.maps.LatLng,(,37.18354273,",",126.9314356,),","
new google.maps.LatLng,(,37.23576496,",",127.2307687,),","
new google.maps.LatLng,(,37.12079239,",",127.2935922,),","
new google.maps.LatLng,(,37.5986433,",",126.8678329,),","
new google.maps.LatLng,(,37.28759837,",",127.3388665,),","
new google.maps.LatLng,(,37.81597889,",",127.214857,),","
new google.maps.LatLng,(,37.35264436,",",126.8827355,),","
new google.maps.LatLng,(,37.38534445,",",127.5892968,),","
new google.maps.LatLng,(,37.8084413,",",126.7086,),","
new google.maps.LatLng,(,37.16274764,",",127.0272789,),","
new google.maps.LatLng,(,37.94062824,",",126.8528896,),","
new google.maps.LatLng,(,37.18610933,",",126.8093588,),","
new google.maps.LatLng,(,37.45722068,",",127.2250635,),","
new google.maps.LatLng,(,37.96482567,",",127.1391994,),","
new google.maps.LatLng,(,37.31517981,",",126.9617625,),","
new google.maps.LatLng,(,37.43205954,",",127.2864758,),","
new google.maps.LatLng,(,37.45448921,",",126.8315335,),","
new google.maps.LatLng,(,37.22684782,",",126.7134216,),","
new google.maps.LatLng,(,38.01505707,",",126.898083,),","
new google.maps.LatLng,(,37.2244823,",",126.8199073,),","
new google.maps.LatLng,(,37.91868735,",",127.2035172,),","
new google.maps.LatLng,(,37.37219674,",",127.0636312,),","
new google.maps.LatLng,(,37.37403599,",",127.3681649,),","
new google.maps.LatLng,(,37.98579191,",",127.2850422,),","
new google.maps.LatLng,(,37.73737191,",",127.0141814,),","
new google.maps.LatLng,(,37.7735879,",",126.7290212,),","
new google.maps.LatLng,(,37.45399594,",",127.6755568,),","
new google.maps.LatLng,(,37.27731899,",",127.1679313,),","
new google.maps.LatLng,(,38.12602776,",",127.2691811,),","
new google.maps.LatLng,(,37.62491851,",",126.8853684,),","
new google.maps.LatLng,(,37.44154771,",",126.927285,),","
new google.maps.LatLng,(,37.20946106,",",126.8815435,),","
new google.maps.LatLng,(,37.78966459,",",126.6975715,),","
new google.maps.LatLng,(,37.70273811,",",127.070681,),","
new google.maps.LatLng,(,37.96740714,",",127.1994618,),","
new google.maps.LatLng,(,37.68691119,",",126.8915855,),","
new google.maps.LatLng,(,37.9372354,",",126.7415651,),","
new google.maps.LatLng,(,37.48949377,",",127.2768329,),","
new google.maps.LatLng,(,37.67572045,",",127.3186522,),","
new google.maps.LatLng,(,36.98704452,",",126.8727432,),","
new google.maps.LatLng,(,37.6348833,",",127.3032889,),","
new google.maps.LatLng,(,37.34540262,",",127.4119944,),","
new google.maps.LatLng,(,37.47119285,",",127.4319077,),","
new google.maps.LatLng,(,37.18465232,",",126.8934379,),","
new google.maps.LatLng,(,37.38830331,",",127.0189392,),","
new google.maps.LatLng,(,37.11883633,",",126.9660096,),","
new google.maps.LatLng,(,37.44250252,",",127.4950354,),","
new google.maps.LatLng,(,37.35584459,",",127.1214308,),","
new google.maps.LatLng,(,37.85675324,",",127.2005767,),","
new google.maps.LatLng,(,37.43752754,",",127.2593328,),","
new google.maps.LatLng,(,37.80272575,",",126.8293126,),","
new google.maps.LatLng,(,37.75592051,",",126.5322626,),","
new google.maps.LatLng,(,37.69626474,",",127.395041,),","
new google.maps.LatLng,(,37.82289805,",",127.3356789,),","
new google.maps.LatLng,(,37.92579723,",",127.2275805,),","
new google.maps.LatLng,(,38.00992616,",",127.2270172,),","
new google.maps.LatLng,(,37.73141286,",",127.4717239,),","
new google.maps.LatLng,(,37.93604611,",",127.0242105,),","
new google.maps.LatLng,(,37.36236862,",",127.3374725,),","
new google.maps.LatLng,(,37.67556575,",",126.6060873,),","
new google.maps.LatLng,(,37.89482333,",",126.8662729,),","
new google.maps.LatLng,(,37.6996818,",",127.0316831,),","
new google.maps.LatLng,(,37.19240777,",",126.8529971,),","
new google.maps.LatLng,(,37.36228404,",",127.3418632,),","
new google.maps.LatLng,(,37.34132742,",",126.9014261,),","
new google.maps.LatLng,(,37.72732446,",",127.4000659,),","
new google.maps.LatLng,(,37.41540737,",",126.8502947,),","
new google.maps.LatLng,(,37.42763059,",",126.8869542,),","
new google.maps.LatLng,(,37.52229607,",",127.2741135,),","
new google.maps.LatLng,(,37.33256651,",",126.9865094,),","
new google.maps.LatLng,(,37.68691119,",",126.8915855,),","
new google.maps.LatLng,(,37.66504132,",",126.613839,),","
new google.maps.LatLng,(,37.15685545,",",126.7098386,),","
new google.maps.LatLng,(,37.66320111,",",127.107472,),","
new google.maps.LatLng,(,37.50632208,",",127.2066157,),","
new google.maps.LatLng,(,37.24677302,",",127.5001841,),","
new google.maps.LatLng,(,37.05807305,",",127.3032577,),","
new google.maps.LatLng,(,37.93712825,",",127.1695548,),","
new google.maps.LatLng,(,37.5979768,",",127.1917823,),","
new google.maps.LatLng,(,37.71232164,",",127.1446783,),","
new google.maps.LatLng,(,37.78936849,",",127.2413009,),","
new google.maps.LatLng,(,37.2573501,",",127.2372552,),","
new google.maps.LatLng,(,37.90766739,",",127.2640486,),","
new google.maps.LatLng,(,37.230204,",",127.1249801,),","
new google.maps.LatLng,(,37.06939788,",",126.9063025,),","
new google.maps.LatLng,(,38.01061814,",",126.9592705,),","
new google.maps.LatLng,(,38.05577708,",",127.0285635,),","
new google.maps.LatLng,(,37.31453258,",",126.9280441,),","
new google.maps.LatLng,(,37.35598899,",",127.63014,),","
new google.maps.LatLng,(,37.10014302,",",126.8411313,),","
new google.maps.LatLng,(,37.21130195,",",126.893651,),","
new google.maps.LatLng,(,37.36089284,",",126.8546607,),","
new google.maps.LatLng,(,37.37166988,",",126.9202315,),","
new google.maps.LatLng,(,37.14200308,",",126.9042632,),","
new google.maps.LatLng,(,37.20750961,",",127.6920483,),","
new google.maps.LatLng,(,37.06850609,",",127.1539452,),","
new google.maps.LatLng,(,37.07152031,",",127.4917959,),","
new google.maps.LatLng,(,36.9534988,",",126.8917186,),","
new google.maps.LatLng,(,36.94008249,",",127.0413968,),","
new google.maps.LatLng,(,37.5001887,",",127.3199924,),","
new google.maps.LatLng,(,37.42105604,",",127.0037744,),","
new google.maps.LatLng,(,37.37874635,",",126.7683318,),","
new google.maps.LatLng,(,37.31815132,",",127.0031189,),","
new google.maps.LatLng,(,37.58379335,",",127.3078406,),","
new google.maps.LatLng,(,37.61348016,",",127.2898278,),","
new google.maps.LatLng,(,37.67333654,",",127.392739,),","
new google.maps.LatLng,(,37.19252632,",",127.056887,),","
new google.maps.LatLng,(,37.68141496,",",127.1548674,),","
new google.maps.LatLng,(,37.02215574,",",127.1362805,),","
new google.maps.LatLng,(,37.64113569,",",126.8532559,),","
new google.maps.LatLng,(,37.47210566,",",127.1993444,),","
new google.maps.LatLng,(,37.11239373,",",127.1025313,),","
new google.maps.LatLng,(,37.5001887,",",127.3199924,),","
new google.maps.LatLng,(,37.21378551,",",127.5872324,),","
new google.maps.LatLng,(,37.67425382,",",127.3679312,),","
new google.maps.LatLng,(,37.64711481,",",126.8443091,),","
new google.maps.LatLng,(,37.15345344,",",127.6626162,),","
new google.maps.LatLng,(,37.16176549,",",127.6650301,),","
new google.maps.LatLng,(,37.59770665,",",127.3346847,),","
new google.maps.LatLng,(,37.41113671,",",126.9240625,),","
new google.maps.LatLng,(,37.78836524,",",126.7376854,),","
new google.maps.LatLng,(,37.37295115,",",127.0006466,),","
new google.maps.LatLng,(,37.31959274,",",127.0496108,),","
new google.maps.LatLng,(,37.72842583,",",126.8898672,),","
new google.maps.LatLng,(,37.34322588,",",126.989114,),","
new google.maps.LatLng,(,37.68785618,",",127.3119353,),","
new google.maps.LatLng,(,37.39721526,",",126.8069652,),","
new google.maps.LatLng,(,37.92284944,",",127.0004821,),","
new google.maps.LatLng,(,37.7685935,",",126.8454747,),","
new google.maps.LatLng,(,37.37131271,",",127.1746848,),","
new google.maps.LatLng,(,37.70234339,",",126.704246,),","
new google.maps.LatLng,(,37.56796606,",",127.6513817,),","
new google.maps.LatLng,(,37.75587744,",",127.2041434,),","
new google.maps.LatLng,(,37.35597507,",",126.9875314,),","
new google.maps.LatLng,(,37.8826579,",",126.8564174,),","
new google.maps.LatLng,(,37.29697001,",",127.6829163,),","
new google.maps.LatLng,(,37.11425564,",",127.0954455,),","
new google.maps.LatLng,(,37.33561769,",",126.9706207,),","
new google.maps.LatLng,(,37.87579582,",",126.8664444,),","
new google.maps.LatLng,(,37.75667407,",",126.8265038,),","
new google.maps.LatLng,(,37.73120292,",",126.9133334,),","
new google.maps.LatLng,(,37.11425564,",",127.0954455,),","
new google.maps.LatLng,(,37.70044929,",",126.85963,),","
new google.maps.LatLng,(,37.51249162,",",127.173956,),","
new google.maps.LatLng,(,37.72924842,",",127.4143917,),","
new google.maps.LatLng,(,37.78570627,",",127.457309,),","
new google.maps.LatLng,(,37.94723392,",",126.9057973,),","
new google.maps.LatLng,(,37.61050102,",",126.8451176,),","
new google.maps.LatLng,(,37.43047097,",",126.955316,),","
new google.maps.LatLng,(,37.17644308,",",127.0293101,),","
new google.maps.LatLng,(,37.41500469,",",127.2636463,),","
new google.maps.LatLng,(,37.63783579,",",127.2900771,),","
new google.maps.LatLng,(,37.83731171,",",127.1773048,),","
new google.maps.LatLng,(,37.23663966,",",127.6779452,),","
new google.maps.LatLng,(,37.23031158,",",127.5452843,),","
new google.maps.LatLng,(,37.90199659,",",127.2814929,),","
new google.maps.LatLng,(,37.36556128,",",127.2955271,),","
new google.maps.LatLng,(,37.25381737,",",126.7104554,),","
new google.maps.LatLng,(,37.84094591,",",127.2236079,),","
new google.maps.LatLng,(,37.18378167,",",126.9877751,),","
new google.maps.LatLng,(,37.17233683,",",127.2149036,),","
new google.maps.LatLng,(,37.40825284,",",127.7226939,),","
new google.maps.LatLng,(,37.39706176,",",127.3635786,),","
new google.maps.LatLng,(,37.33690557,",",127.497099,),","
new google.maps.LatLng,(,37.74431276,",",126.8838411,),","
new google.maps.LatLng,(,37.21373243,",",126.8096464,),","
new google.maps.LatLng,(,37.27074895,",",127.6987123,),","
new google.maps.LatLng,(,38.10211339,",",127.2375137,),","
new google.maps.LatLng,(,37.04408467,",",127.2218436,),","
new google.maps.LatLng,(,37.40719568,",",127.2397006,),","
new google.maps.LatLng,(,37.58833866,",",127.120621,),","
new google.maps.LatLng,(,37.37401318,",",127.3783256,),","
new google.maps.LatLng,(,37.76209554,",",126.7778903,),","
new google.maps.LatLng,(,37.71238341,",",127.1729174,),","
new google.maps.LatLng,(,37.41913253,",",126.9359879,),","
new google.maps.LatLng,(,37.05979184,",",127.3005661,),","
new google.maps.LatLng,(,37.41058548,",",127.4715697,),","
new google.maps.LatLng,(,37.41777261,",",126.8612361,),","
new google.maps.LatLng,(,37.34580935,",",126.7797199,),","
new google.maps.LatLng,(,37.12194413,",",126.7874227,),","
new google.maps.LatLng,(,37.7112052,",",126.6923821,),","
new google.maps.LatLng,(,37.7447127,",",127.2391607,),","
new google.maps.LatLng,(,37.61226101,",",127.4214024,),","
new google.maps.LatLng,(,37.66965403,",",127.2064173,),","
new google.maps.LatLng,(,37.63589487,",",126.866044,),","
new google.maps.LatLng,(,37.65003019,",",126.5745904,),","
new google.maps.LatLng,(,37.33203333,",",127.4873798,),","
new google.maps.LatLng,(,37.91498862,",",126.868419,),","
new google.maps.LatLng,(,37.76134721,",",126.9088769,),","
new google.maps.LatLng,(,37.38126716,",",127.5127189,),","
new google.maps.LatLng,(,37.91160412,",",127.1078409,),","
new google.maps.LatLng,(,37.75522637,",",126.6891911,),","
new google.maps.LatLng,(,37.11969141,",",127.0452441,),","
new google.maps.LatLng,(,37.8253851,",",126.7185855,),","
new google.maps.LatLng,(,37.83046666,",",126.806893,),","
new google.maps.LatLng,(,37.19786571,",",127.6971868,),","
new google.maps.LatLng,(,37.1097843,",",127.2351488,),","
new google.maps.LatLng,(,37.41485804,",",126.7679934,),","
new google.maps.LatLng,(,37.50624808,",",127.14406,),","
new google.maps.LatLng,(,37.13125492,",",126.8401086,),","
new google.maps.LatLng,(,37.69982055,",",126.8185652,),","
new google.maps.LatLng,(,37.41897393,",",127.5002021,),","
new google.maps.LatLng,(,37.79345409,",",127.1708891,),","
new google.maps.LatLng,(,36.93750731,",",127.2122758,),","
new google.maps.LatLng,(,37.88069529,",",127.1054214,),","
new google.maps.LatLng,(,37.84308357,",",126.8012984,),","
new google.maps.LatLng,(,37.96448875,",",127.2096274,),","
new google.maps.LatLng,(,37.85758585,",",127.0489824,),","
new google.maps.LatLng,(,38.15805454,",",127.2691492,),","
new google.maps.LatLng,(,37.38439378,",",127.2094809,),","
new google.maps.LatLng,(,37.43972289,",",127.2300063,),","
new google.maps.LatLng,(,37.46769147,",",127.2195669,),","
new google.maps.LatLng,(,37.35584459,",",127.1214308,),","
new google.maps.LatLng,(,37.75891159,",",127.2445849,),","
new google.maps.LatLng,(,37.41913253,",",126.9359879,),","
new google.maps.LatLng,(,37.06477855,",",127.0954927,),","
new google.maps.LatLng,(,38.07619904,",",127.3809407,),","
new google.maps.LatLng,(,36.99207469,",",126.8927184,),","
new google.maps.LatLng,(,37.80681359,",",127.2061666,),","
new google.maps.LatLng,(,37.53654296,",",127.1647558,),","
new google.maps.LatLng,(,37.42644543,",",127.1321844,),","
new google.maps.LatLng,(,37.58512375,",",127.3168539,),","
new google.maps.LatLng,(,37.21413303,",",127.1196653,),","
new google.maps.LatLng,(,37.13301006,",",127.4501018,),","
new google.maps.LatLng,(,37.52973409,",",127.2891236,),","
new google.maps.LatLng,(,37.10826971,",",127.5918659,),","
new google.maps.LatLng,(,37.78694525,",",126.7646296,),","
new google.maps.LatLng,(,37.40239797,",",127.4523414,),","
new google.maps.LatLng,(,37.2685186,",",126.9468159,),","
new google.maps.LatLng,(,37.67610992,",",127.1911981,),","
new google.maps.LatLng,(,37.63580798,",",127.2031394,),","
new google.maps.LatLng,(,36.93491246,",",126.971767,),","
new google.maps.LatLng,(,36.99207596,",",126.9456266,),","
new google.maps.LatLng,(,37.89432649,",",126.873061,),","
new google.maps.LatLng,(,37.69093888,",",127.2229472,),","
new google.maps.LatLng,(,37.87814052,",",127.1205351,),","
new google.maps.LatLng,(,37.22183779,",",126.825612,),","
new google.maps.LatLng,(,37.22434659,",",126.8189399,),","
new google.maps.LatLng,(,37.80575197,",",126.822674,),","
new google.maps.LatLng,(,37.70431812,",",126.8255961,),","
new google.maps.LatLng,(,37.34429858,",",127.7300748,),","
new google.maps.LatLng,(,37.96416041,",",127.2169095,),","
new google.maps.LatLng,(,37.91839931,",",127.0517821,),","
new google.maps.LatLng,(,37.41814035,",",127.3344671,),","
new google.maps.LatLng,(,37.71715392,",",126.8715901,),","
new google.maps.LatLng,(,38.0882759,",",127.0479756,),","
new google.maps.LatLng,(,37.44174966,",",127.2609744,),","
new google.maps.LatLng,(,37.61456042,",",127.3161622,),","
new google.maps.LatLng,(,37.40144015,",",126.8490468,),","
new google.maps.LatLng,(,37.61776468,",",127.5997123,),","
new google.maps.LatLng,(,37.00315367,",",126.95355,),","
new google.maps.LatLng,(,37.45394642,",",127.6499326,),","
new google.maps.LatLng,(,37.38989426,",",127.1297164,),","
new google.maps.LatLng,(,37.99554032,",",126.9299872,),","
new google.maps.LatLng,(,36.97635375,",",127.322041,),","
new google.maps.LatLng,(,38.04114533,",",126.9730133,),","
new google.maps.LatLng,(,37.67938844,",",127.5074671,),","
new google.maps.LatLng,(,37.61016169,",",126.7209916,),","
new google.maps.LatLng,(,37.71937598,",",126.8768149,),","
new google.maps.LatLng,(,37.68627015,",",127.1086434,),","
new google.maps.LatLng,(,37.00112965,",",126.9260156,),","
new google.maps.LatLng,(,37.46964143,",",127.4493977,),","
new google.maps.LatLng,(,37.63937216,",",127.491448,),","
new google.maps.LatLng,(,37.79845153,",",127.1529496,),","
new google.maps.LatLng,(,37.12158916,",",127.1075281,),","
new google.maps.LatLng,(,37.54375944,",",127.1841358,),","
new google.maps.LatLng,(,36.97013668,",",127.2534104,),","
new google.maps.LatLng,(,37.35558971,",",127.1239925,),","
new google.maps.LatLng,(,37.33599053,",",127.4412143,),","
new google.maps.LatLng,(,37.13431174,",",127.1078044,),","
new google.maps.LatLng,(,37.71926626,",",126.8810833,),","
new google.maps.LatLng,(,37.70196405,",",126.8640082,),","
new google.maps.LatLng,(,37.14648204,",",127.1960678,),","
new google.maps.LatLng,(,37.74148651,",",127.3028776,),","
new google.maps.LatLng,(,37.96809627,",",126.942214,),","
new google.maps.LatLng,(,37.90191836,",",127.2878257,),","
new google.maps.LatLng,(,37.08924083,",",127.2847886,),","
new google.maps.LatLng,(,38.02812121,",",127.2553526,),","
new google.maps.LatLng,(,37.72396295,",",127.1775604,),","
new google.maps.LatLng,(,37.66535723,",",127.2340808,),","
new google.maps.LatLng,(,37.34687763,",",127.4048812,),","
new google.maps.LatLng,(,37.44473625,",",126.8137459,),","
new google.maps.LatLng,(,37.66149019,",",126.9184492,),","
new google.maps.LatLng,(,37.613756,",",127.1198456,),","
new google.maps.LatLng,(,37.02321659,",",127.2863425,),","
new google.maps.LatLng,(,38.04100269,",",127.0261205,),","
new google.maps.LatLng,(,37.04242704,",",126.9284132,),","
new google.maps.LatLng,(,37.34688866,",",126.8093306,),","
new google.maps.LatLng,(,37.69777103,",",127.2531398,),","
new google.maps.LatLng,(,37.96964891,",",126.9484606,),","
new google.maps.LatLng,(,37.59111778,",",127.3805683,),","
new google.maps.LatLng,(,37.86516801,",",127.2304987,),","
new google.maps.LatLng,(,37.32287731,",",127.3960435,),","
new google.maps.LatLng,(,37.0503474,",",127.077336,),","
new google.maps.LatLng,(,37.96324975,",",127.1477851,),","
new google.maps.LatLng,(,37.32242441,",",126.9134597,),","
new google.maps.LatLng,(,37.05979184,",",127.3005661,),","
new google.maps.LatLng,(,37.44857648,",",127.1016306,),","
new google.maps.LatLng,(,37.65025499,",",127.482862,),","
new google.maps.LatLng,(,37.46291403,",",127.4853129,),","
new google.maps.LatLng,(,38.04061445,",",126.9323462,),","
new google.maps.LatLng,(,37.32028369,",",126.794631,),","
new google.maps.LatLng,(,37.22100372,",",126.8153511,),","
new google.maps.LatLng,(,37.42118658,",",127.1324607,),","
new google.maps.LatLng,(,37.42696657,",",127.0067458,),","
new google.maps.LatLng,(,37.81253424,",",127.0356221,),","
new google.maps.LatLng,(,37.75154278,",",126.934698,),","
new google.maps.LatLng,(,37.70653055,",",127.510418,),","
new google.maps.LatLng,(,37.01110342,",",126.9244101,),","
new google.maps.LatLng,(,37.54856983,",",127.1956182,),","
new google.maps.LatLng,(,37.76686699,",",126.977607,),","
new google.maps.LatLng,(,37.66591586,",",127.3325967,),","
new google.maps.LatLng,(,37.36600698,",",127.3332201,),","
new google.maps.LatLng,(,37.63680178,",",127.1447189,),","
new google.maps.LatLng,(,37.65124725,",",127.1997814,),","
new google.maps.LatLng,(,37.34631725,",",127.1060447,),","
new google.maps.LatLng,(,37.6883852,",",127.1573418,),","
new google.maps.LatLng,(,37.77204235,",",127.1681961,),","
new google.maps.LatLng,(,37.50624808,",",127.14406,),","
new google.maps.LatLng,(,37.90499544,",",127.0790301,),","
new google.maps.LatLng,(,37.180081,",",127.0381175,),","
new google.maps.LatLng,(,38.00573212,",",126.9872924,),","
new google.maps.LatLng,(,37.38210574,",",126.7587466,),","
new google.maps.LatLng,(,37.25685962,",",127.7025749,),","
new google.maps.LatLng,(,37.94593626,",",127.0693244,),","
new google.maps.LatLng,(,37.56742162,",",127.1168188,),","
new google.maps.LatLng,(,37.75618157,",",127.2301304,),","
new google.maps.LatLng,(,37.73806167,",",126.7747586,),","
new google.maps.LatLng,(,37.38808724,",",127.2149563,),","
new google.maps.LatLng,(,37.18501995,",",126.7839778,),","
new google.maps.LatLng,(,37.33015148,",",127.1739249,),","
new google.maps.LatLng,(,37.29134784,",",126.8740479,),","
new google.maps.LatLng,(,37.60256158,",",127.1240973,),","
new google.maps.LatLng,(,38.03689124,",",127.0391731,),","
new google.maps.LatLng,(,37.14602404,",",126.6884042,),","
new google.maps.LatLng,(,36.93844255,",",126.9427369,),","
new google.maps.LatLng,(,37.93160922,",",127.2741315,),","
new google.maps.LatLng,(,37.75739953,",",126.8424005,),","
new google.maps.LatLng,(,37.09842538,",",127.3620097,),","
new google.maps.LatLng,(,37.8652411,",",126.7902885,),","
new google.maps.LatLng,(,37.52783094,",",127.2388672,),","
new google.maps.LatLng,(,37.28538435,",",127.3625487,),","
new google.maps.LatLng,(,37.79003128,",",126.7192078,),","
new google.maps.LatLng,(,37.59434695,",",127.324581,),","
new google.maps.LatLng,(,37.08317832,",",127.0683146,),","
new google.maps.LatLng,(,37.34789483,",",127.1688917,),","
new google.maps.LatLng,(,37.18924893,",",126.8887724,),","
new google.maps.LatLng,(,37.66907754,",",127.1827589,),","
new google.maps.LatLng,(,37.43628555,",",127.4796732,),","
new google.maps.LatLng,(,37.96455057,",",127.3604192,),","
new google.maps.LatLng,(,37.08339788,",",126.8321696,),","
new google.maps.LatLng,(,37.47571915,",",127.3919024,),","
new google.maps.LatLng,(,37.30787347,",",126.883461,),","
new google.maps.LatLng,(,37.42610131,",",126.9224199,),","
new google.maps.LatLng,(,37.33431289,",",126.8965649,),","
new google.maps.LatLng,(,37.56929212,",",127.6592373,),","
new google.maps.LatLng,(,37.33672982,",",126.8802106,),","
new google.maps.LatLng,(,37.33864748,",",126.8876779,),","
new google.maps.LatLng,(,37.34075032,",",126.8821225,),","
new google.maps.LatLng,(,37.24912893,",",126.9174914,),","
new google.maps.LatLng,(,37.44441801,",",126.8246593,),","
new google.maps.LatLng,(,37.40736323,",",127.3010547,),","
new google.maps.LatLng,(,37.56429973,",",127.6512707,),","
new google.maps.LatLng,(,37.35739999,",",127.5958951,),","
new google.maps.LatLng,(,37.97281687,",",127.1226094,),","
new google.maps.LatLng,(,37.68312306,",",126.8896967,),","
new google.maps.LatLng,(,37.71502163,",",127.1137327,),","
new google.maps.LatLng,(,37.2121771,",",127.7384594,),","
new google.maps.LatLng,(,37.26475656,",",126.7952864,),","
new google.maps.LatLng,(,37.4311137,",",127.4972544,),","
new google.maps.LatLng,(,37.31445637,",",127.0509727,),","
new google.maps.LatLng,(,37.52342417,",",127.2940077,),","
new google.maps.LatLng,(,38.14463287,",",127.2644233,),","
new google.maps.LatLng,(,37.75891159,",",127.2445849,),","
new google.maps.LatLng,(,37.75029678,",",127.2063296,),","
new google.maps.LatLng,(,37.97326022,",",126.9687389,),","
new google.maps.LatLng,(,37.0777381,",",127.5067363,),","
new google.maps.LatLng,(,37.80864828,",",127.0651225,),","
new google.maps.LatLng,(,37.88679454,",",126.8370614,),","
new google.maps.LatLng,(,37.08304656,",",127.3117348,),","
new google.maps.LatLng,(,36.94344622,",",126.9483011,),","
new google.maps.LatLng,(,37.86504192,",",126.8265232,),","
new google.maps.LatLng,(,37.26668264,",",126.9078211,),","
new google.maps.LatLng,(,37.40177641,",",126.8378199,),","
new google.maps.LatLng,(,37.48271599,",",127.45618,),","
new google.maps.LatLng,(,37.82765284,",",126.751344,),","
new google.maps.LatLng,(,37.90029554,",",126.8543359,),","
new google.maps.LatLng,(,37.94404474,",",126.9316877,),","
new google.maps.LatLng,(,37.21893921,",",126.8429624,),","
new google.maps.LatLng,(,37.1680542,",",126.9321295,),","
new google.maps.LatLng,(,37.07388221,",",127.3188159,),","
new google.maps.LatLng,(,37.64667115,",",127.5082768,),","
new google.maps.LatLng,(,37.9331833,",",127.1750513,),","
new google.maps.LatLng,(,37.7235114,",",127.3141184,),","
new google.maps.LatLng,(,37.37401318,",",127.3783256,),","
new google.maps.LatLng,(,37.72615328,",",126.9798554,),","
new google.maps.LatLng,(,37.06417667,",",126.8580284,),","
new google.maps.LatLng,(,37.52734635,",",127.2337221,),","
new google.maps.LatLng,(,37.07322788,",",126.7997278,),","
new google.maps.LatLng,(,37.1970572,",",127.2539217,),","
new google.maps.LatLng,(,37.37544463,",",126.8623996,),","
new google.maps.LatLng,(,37.32561588,",",126.8847643,),","
new google.maps.LatLng,(,37.45967835,",",127.769331,),","
new google.maps.LatLng,(,37.33272941,",",127.0128116,),","
new google.maps.LatLng,(,37.75776113,",",126.9108049,),","
new google.maps.LatLng,(,37.59292435,",",127.3340181,),","
new google.maps.LatLng,(,37.40434254,",",127.7457323,),","
new google.maps.LatLng,(,37.93610298,",",126.9591553,),","
new google.maps.LatLng,(,37.73606311,",",126.5898143,),","
new google.maps.LatLng,(,37.49063327,",",127.2080883,),","
new google.maps.LatLng,(,37.60814788,",",127.3656599,),","
new google.maps.LatLng,(,37.4284267,",",127.7398468,),","
new google.maps.LatLng,(,37.35357707,",",127.3965475,),","
new google.maps.LatLng,(,37.31748295,",",127.1942934,),","
new google.maps.LatLng,(,37.66508436,",",127.2694639,),","
new google.maps.LatLng,(,37.56050593,",",127.102593,),","
new google.maps.LatLng,(,37.23668274,",",126.913516,),","
new google.maps.LatLng,(,36.97130257,",",126.9000816,),","
new google.maps.LatLng,(,37.43112991,",",126.9379211,),","
new google.maps.LatLng,(,37.7937011,",",127.0460362,),","
new google.maps.LatLng,(,37.66057834,",",126.9452531,),","
new google.maps.LatLng,(,37.56661853,",",127.1084303,),","
new google.maps.LatLng,(,37.36638757,",",126.9035874,),","
new google.maps.LatLng,(,37.13949678,",",126.6836479,),","
new google.maps.LatLng,(,37.68289786,",",126.5648744,),","
new google.maps.LatLng,(,37.36638757,",",126.9035874,),","
new google.maps.LatLng,(,37.22812696,",",126.9778443,),","
new google.maps.LatLng,(,37.72777016,",",127.3181584,),","
new google.maps.LatLng,(,37.96026049,",",126.9302725,),","
new google.maps.LatLng,(,37.8486298,",",126.9088628,),","
new google.maps.LatLng,(,37.71671637,",",127.3876469,),","
new google.maps.LatLng,(,37.16246785,",",126.7130593,),","
new google.maps.LatLng,(,37.84745353,",",127.3586487,),","
new google.maps.LatLng,(,37.33033828,",",127.3683707,),","
new google.maps.LatLng,(,37.91462798,",",127.3859601,),","
new google.maps.LatLng,(,37.3157223,",",127.3117641,),","
new google.maps.LatLng,(,37.31459454,",",126.9629022,),","
new google.maps.LatLng,(,37.98437253,",",127.0910092,),","
new google.maps.LatLng,(,37.45931937,",",126.8551561,),","
new google.maps.LatLng,(,37.45058243,",",127.4889857,),","
new google.maps.LatLng,(,37.16807568,",",126.7257607,),","
new google.maps.LatLng,(,37.66388506,",",126.9688811,),","
new google.maps.LatLng,(,38.03104171,",",127.2900108,),","
new google.maps.LatLng,(,37.93715616,",",126.9231059,),","
new google.maps.LatLng,(,37.41463046,",",127.1982283,),","
new google.maps.LatLng,(,37.37059681,",",126.9861237,),","
new google.maps.LatLng,(,37.2663743,",",126.9170097,),","
new google.maps.LatLng,(,37.48557671,",",127.2426388,),","
new google.maps.LatLng,(,37.58776339,",",127.3066073,),","
new google.maps.LatLng,(,37.89613873,",",127.2412924,),","
new google.maps.LatLng,(,37.71349365,",",127.1714797,),","
new google.maps.LatLng,(,37.69679142,",",127.2485301,),","
new google.maps.LatLng,(,37.91129502,",",127.0355635,),","
new google.maps.LatLng,(,37.7047064,",",126.6208325,),","
new google.maps.LatLng,(,37.40745988,",",127.2182685,),","
new google.maps.LatLng,(,37.13347501,",",127.0082277,),","
new google.maps.LatLng,(,37.16387675,",",126.8317588,),","
new google.maps.LatLng,(,37.6472529,",",127.3902344,),","
new google.maps.LatLng,(,37.58887478,",",127.6535104,),","
new google.maps.LatLng,(,38.07086088,",",127.2446099,),","
new google.maps.LatLng,(,37.24909844,",",126.8025816,),","
new google.maps.LatLng,(,37.47954852,",",127.3293567,),","
new google.maps.LatLng,(,37.18910113,",",126.7088131,),","
new google.maps.LatLng,(,37.8570258,",",126.856025,),","
new google.maps.LatLng,(,37.22137875,",",126.9338486,),","
new google.maps.LatLng,(,37.22457448,",",126.7834466,),","
new google.maps.LatLng,(,37.47179882,",",127.723165,),","
new google.maps.LatLng,(,37.71140366,",",126.9755732,),","
new google.maps.LatLng,(,37.33956504,",",126.9178743,),","
new google.maps.LatLng,(,37.41255898,",",127.5413093,),","
new google.maps.LatLng,(,37.66503867,",",126.5453154,),","
new google.maps.LatLng,(,37.74622107,",",127.2756617,),","
new google.maps.LatLng,(,37.99389741,",",127.0658138,),","
new google.maps.LatLng,(,37.25181652,",",126.6994846,),","
new google.maps.LatLng,(,37.19885522,",",126.7107802,),","
new google.maps.LatLng,(,37.0459963,",",127.3504,),","
new google.maps.LatLng,(,37.38635805,",",127.0092279,),","
new google.maps.LatLng,(,37.39075758,",",127.2026778,),","
new google.maps.LatLng,(,37.4472892,",",127.6178942,),","
new google.maps.LatLng,(,37.36075103,",",126.9929486,),","
new google.maps.LatLng,(,37.6993499,",",127.0556339,),","
new google.maps.LatLng,(,37.4339524,",",127.4613431,),","
new google.maps.LatLng,(,37.6993499,",",127.0556339,),","
new google.maps.LatLng,(,37.15222664,",",126.9113529,),","
new google.maps.LatLng,(,37.04035688,",",127.3210598,),","
new google.maps.LatLng,(,37.89583582,",",127.2808216,),","
new google.maps.LatLng,(,37.7001412,",",127.5412506,),","
new google.maps.LatLng,(,37.5497122,",",127.297049,),","
new google.maps.LatLng,(,37.78500569,",",127.0087396,),","
new google.maps.LatLng,(,37.58889899,",",127.1277096,),","
new google.maps.LatLng,(,37.44014328,",",127.4067129,),","
new google.maps.LatLng,(,37.71333561,",",127.546166,),","
new google.maps.LatLng,(,37.57456829,",",127.4253458,),","
new google.maps.LatLng,(,37.64935602,",",127.2452666,),","
new google.maps.LatLng,(,37.67414064,",",127.305646,),","
new google.maps.LatLng,(,37.68558981,",",126.5522601,),","
new google.maps.LatLng,(,37.02394664,",",127.3321945,),","
new google.maps.LatLng,(,37.41158944,",",127.6041383,),","
new google.maps.LatLng,(,37.70660272,",",127.204974,),","
new google.maps.LatLng,(,37.92349351,",",127.3203114,),","
new google.maps.LatLng,(,37.17716684,",",126.9566464,),","
new google.maps.LatLng,(,37.61884429,",",127.3062773,),","
new google.maps.LatLng,(,37.8420281,",",126.7642367,),","
new google.maps.LatLng,(,37.12434022,",",126.9613709,),","
new google.maps.LatLng,(,37.41098546,",",127.7219877,),","
new google.maps.LatLng,(,37.64311118,",",127.2104785,),","
new google.maps.LatLng,(,37.79092337,",",127.0229086,),","
new google.maps.LatLng,(,37.89463374,",",127.0931737,),","
new google.maps.LatLng,(,37.46410564,",",127.3807084,),","
new google.maps.LatLng,(,37.05290572,",",127.1738521,),","
new google.maps.LatLng,(,37.2015478,",",126.7290063,),","
new google.maps.LatLng,(,37.19643928,",",126.6995599,),","
new google.maps.LatLng,(,37.14172124,",",126.8820794,),","
new google.maps.LatLng,(,37.83583732,",",127.3626484,),","
new google.maps.LatLng,(,37.89702619,",",127.0725869,),","
new google.maps.LatLng,(,37.21218174,",",126.6829589,),","
new google.maps.LatLng,(,37.76479173,",",127.0619307,),","
new google.maps.LatLng,(,37.71230031,",",127.4541159,),","
new google.maps.LatLng,(,37.24598546,",",126.8546831,),","
new google.maps.LatLng,(,37.24598546,",",126.8546831,),","
new google.maps.LatLng,(,37.04066222,",",127.3712489,),","
new google.maps.LatLng,(,37.65284138,",",127.4646457,),","
new google.maps.LatLng,(,37.13897242,",",126.6796772,),","
new google.maps.LatLng,(,37.3924206,",",127.4136049,),","
new google.maps.LatLng,(,37.28092872,",",126.8981285,),","
new google.maps.LatLng,(,37.9278795,",",127.1780392,),","
new google.maps.LatLng,(,38.20940124,",",127.1149122,),","
new google.maps.LatLng,(,37.16888357,",",127.2572849,),","
new google.maps.LatLng,(,37.68385062,",",126.9047859,),","
new google.maps.LatLng,(,37.22026498,",",126.6866767,),","
new google.maps.LatLng,(,37.06246153,",",127.3368368,),","
new google.maps.LatLng,(,37.80651205,",",127.2282973,),","
new google.maps.LatLng,(,37.45915943,",",127.0027463,),","
new google.maps.LatLng,(,37.45926754,",",127.0014691,),","
new google.maps.LatLng,(,37.51468359,",",127.2955254,),","
new google.maps.LatLng,(,37.3724428,",",126.9058138,),","
new google.maps.LatLng,(,37.68893125,",",126.9666362,),","
new google.maps.LatLng,(,37.43638733,",",126.9729164,),","
new google.maps.LatLng,(,37.48260625,",",127.1735713,),","
new google.maps.LatLng,(,37.36292541,",",127.2026491,),","
new google.maps.LatLng,(,37.36109263,",",127.0703273,),","
new google.maps.LatLng,(,37.21859904,",",126.9135937,),","
new google.maps.LatLng,(,37.38600741,",",127.3450526,),","
new google.maps.LatLng,(,37.41621665,",",126.8357662,),","
new google.maps.LatLng,(,37.80014837,",",127.0266807,),","
new google.maps.LatLng,(,37.71543866,",",127.5531109,),","
new google.maps.LatLng,(,37.6371661,",",127.1880295,),","
new google.maps.LatLng,(,38.08464721,",",127.3306954,),","
new google.maps.LatLng,(,37.48693664,",",127.2043357,),","
new google.maps.LatLng,(,37.93684649,",",127.0310929,),","
new google.maps.LatLng,(,37.21099708,",",126.9173766,),","
new google.maps.LatLng,(,37.1501637,",",126.8732184,),","
new google.maps.LatLng,(,37.52593125,",",127.1698462,),","
new google.maps.LatLng,(,37.80867127,",",126.8786391,),","
new google.maps.LatLng,(,37.28716308,",",127.4367134,),","
new google.maps.LatLng,(,38.00459558,",",127.2881201,),","
new google.maps.LatLng,(,37.39981145,",",127.3222795,),","
new google.maps.LatLng,(,37.42421969,",",126.8309583,),","
new google.maps.LatLng,(,37.18974994,",",127.3801075,),","
new google.maps.LatLng,(,37.21300783,",",127.2322584,),","
new google.maps.LatLng,(,37.76134721,",",126.9088769,),","
new google.maps.LatLng,(,37.61477419,",",126.861339,),","
new google.maps.LatLng,(,38.07258822,",",127.2296812,),","
new google.maps.LatLng,(,37.39377443,",",127.2809303,),","
new google.maps.LatLng,(,37.34734076,",",127.2814507,),","
new google.maps.LatLng,(,37.45369224,",",127.4099276,),","
new google.maps.LatLng,(,37.43734895,",",127.2218416,),","
new google.maps.LatLng,(,37.12348676,",",127.5103476,),","
new google.maps.LatLng,(,37.38397758,",",127.4413806,),","
new google.maps.LatLng,(,37.5303479,",",127.1620046,),","
new google.maps.LatLng,(,37.70484752,",",127.0113301,),","
new google.maps.LatLng,(,38.09450148,",",127.2460392,),","
new google.maps.LatLng,(,37.69263423,",",127.3038258,),","
new google.maps.LatLng,(,37.37881214,",",127.2893914,),","
new google.maps.LatLng,(,37.31202245,",",127.613778,),","
new google.maps.LatLng,(,37.26423636,",",126.9136301,),","
new google.maps.LatLng,(,37.80669793,",",127.0554801,),","
new google.maps.LatLng,(,37.47199258,",",127.3313813,),","
new google.maps.LatLng,(,37.19390565,",",126.7363098,),","
new google.maps.LatLng,(,37.14663436,",",126.8265009,),","
new google.maps.LatLng,(,37.76786841,",",126.8065703,),","
new google.maps.LatLng,(,37.54268268,",",127.2549967,),","
new google.maps.LatLng,(,37.9413828,",",127.2935977,),","
new google.maps.LatLng,(,37.1827987,",",126.9575438,),","
new google.maps.LatLng,(,37.0362669,",",127.1774339,),","
new google.maps.LatLng,(,37.51127934,",",127.6999889,),","
new google.maps.LatLng,(,37.03396062,",",127.1505555,),","
new google.maps.LatLng,(,37.62032758,",",127.5128502,),","
new google.maps.LatLng,(,37.64613519,",",127.3793098,),","
new google.maps.LatLng,(,37.18891968,",",127.2157136,),","
new google.maps.LatLng,(,37.68913483,",",126.9960454,),","
new google.maps.LatLng,(,37.54759857,",",127.1945068,),","
new google.maps.LatLng,(,36.96356295,",",127.3638141,),","
new google.maps.LatLng,(,37.6613407,",",127.5182474,),","
new google.maps.LatLng,(,37.41778605,",",127.6827081,),","
new google.maps.LatLng,(,37.70160465,",",126.9382249,),","
new google.maps.LatLng,(,37.83235819,",",126.9534915,),","
new google.maps.LatLng,(,37.3841101,",",127.6193315,),","
new google.maps.LatLng,(,37.41492145,",",127.2085933,),","
new google.maps.LatLng,(,37.90007323,",",127.0159571,),","
new google.maps.LatLng,(,37.77427199,",",127.4553094,),","
new google.maps.LatLng,(,37.83047316,",",126.9745524,),","
new google.maps.LatLng,(,37.45666587,",",127.262947,),","
new google.maps.LatLng,(,37.91176233,",",127.2012259,),","
new google.maps.LatLng,(,37.69303047,",",127.4833644,),","
new google.maps.LatLng,(,37.26185346,",",126.6009012,),","
new google.maps.LatLng,(,37.02132287,",",127.2233834,),","
new google.maps.LatLng,(,37.94087322,",",127.2153453,),","
new google.maps.LatLng,(,37.40497176,",",127.1883715,),","
new google.maps.LatLng,(,37.14300427,",",126.9722672,),","
new google.maps.LatLng,(,37.63343466,",",126.5949259,),","
new google.maps.LatLng,(,36.99366217,",",127.2583179,),","
new google.maps.LatLng,(,37.89294065,",",127.0923076,),","
new google.maps.LatLng,(,37.6493634,",",127.2303031,),","
new google.maps.LatLng,(,37.6472529,",",127.3902344,),","
new google.maps.LatLng,(,37.24940788,",",127.1320113,),","
new google.maps.LatLng,(,37.5183428,",",126.8108229,),","
new google.maps.LatLng,(,37.56801294,",",127.2401975,),","
new google.maps.LatLng,(,37.83555146,",",126.8835242,),","
new google.maps.LatLng,(,37.47738763,",",127.3120501,),","
new google.maps.LatLng,(,37.29268985,",",127.4502896,),","
new google.maps.LatLng,(,37.66277815,",",127.367093,),","
new google.maps.LatLng,(,37.42638525,",",127.0363571,),","
new google.maps.LatLng,(,37.70365438,",",127.0752403,),","
new google.maps.LatLng,(,37.73373999,",",126.9834379,),","
new google.maps.LatLng,(,37.3234561,",",127.025864,),","
new google.maps.LatLng,(,37.98348068,",",126.9881301,),","
new google.maps.LatLng,(,37.4099109,",",126.9233973,),","
new google.maps.LatLng,(,37.89651922,",",126.8604715,),","
new google.maps.LatLng,(,37.66224709,",",127.3364564,),","
new google.maps.LatLng,(,37.43112991,",",126.9379211,),","
new google.maps.LatLng,(,37.23862696,",",126.9233183,),","
new google.maps.LatLng,(,37.47544023,",",127.3259925,),","
new google.maps.LatLng,(,37.07869933,",",126.9361599,),","
new google.maps.LatLng,(,37.05924398,",",127.2405044,),","
new google.maps.LatLng,(,37.1929058,",",126.6920618,),","
new google.maps.LatLng,(,37.4080567,",",126.9262343,),","
new google.maps.LatLng,(,37.99265033,",",127.2102643,),","
new google.maps.LatLng,(,37.96024283,",",127.1444139,),","
new google.maps.LatLng,(,37.56661853,",",127.1084303,),","
new google.maps.LatLng,(,37.86955409,",",127.299907,),","
new google.maps.LatLng,(,38.09436188,",",127.3862781,),","
new google.maps.LatLng,(,37.25695938,",",126.8390116,),","
new google.maps.LatLng,(,37.70050481,",",127.0986994,),","
new google.maps.LatLng,(,38.09100252,",",127.3859756,),","
new google.maps.LatLng,(,37.8913798,",",127.0089867,),","
new google.maps.LatLng,(,37.40306346,",",127.2637781,),","
new google.maps.LatLng,(,38.09436188,",",127.3862781,),","
new google.maps.LatLng,(,37.72082446,",",127.179674,),","
new google.maps.LatLng,(,37.70050481,",",127.0986994,),","
new google.maps.LatLng,(,37.78142591,",",127.0564271,),","
new google.maps.LatLng,(,37.66802501,",",126.9369733,),","
new google.maps.LatLng,(,37.56661853,",",127.1084303,),","
new google.maps.LatLng,(,37.33446322,",",127.1685555,),","
new google.maps.LatLng,(,37.33798073,",",127.0248077,),","
new google.maps.LatLng,(,37.17174252,",",126.6274266,),","
new google.maps.LatLng,(,37.67285533,",",127.2187225,),","
new google.maps.LatLng,(,37.78967286,",",127.1156493,),","
new google.maps.LatLng,(,37.70050481,",",127.0986994,),","
new google.maps.LatLng,(,37.25905085,",",127.3462247,),","
new google.maps.LatLng,(,37.78142591,",",127.0564271,),","
new google.maps.LatLng,(,37.56661853,",",127.1084303,),","
new google.maps.LatLng,(,37.74882426,",",127.2033868,),","
new google.maps.LatLng,(,37.40306346,",",127.2637781,),","
new google.maps.LatLng,(,37.92501788,",",127.2104382,),","
new google.maps.LatLng,(,37.33520966,",",127.4280414,),","
new google.maps.LatLng,(,37.7806705,",",127.1625645,),","
new google.maps.LatLng,(,38.11519183,",",127.027672,),","
new google.maps.LatLng,(,37.95804054,",",127.3075298,),","
new google.maps.LatLng,(,37.2159528,",",127.7192762,),","
new google.maps.LatLng,(,37.93492781,",",126.8548009,),","
new google.maps.LatLng,(,37.34923794,",",127.5167047,),","
new google.maps.LatLng,(,37.13863673,",",126.9350156,),","
new google.maps.LatLng,(,37.65488592,",",127.2351362,),","
new google.maps.LatLng,(,37.60359268,",",127.2063598,),","
new google.maps.LatLng,(,37.25521517,",",127.209184,),","
new google.maps.LatLng,(,37.51710213,",",127.1876193,),","
new google.maps.LatLng,(,37.415686,",",126.8996242,),","
new google.maps.LatLng,(,37.39541088,",",126.907433,),","
new google.maps.LatLng,(,37.75203974,",",126.9950184,),","
new google.maps.LatLng,(,37.37673292,",",127.4007727,),","
new google.maps.LatLng,(,37.97729765,",",127.2689843,),","
new google.maps.LatLng,(,37.52253942,",",127.1663432,),","
new google.maps.LatLng,(,37.35199851,",",126.8768449,),","
new google.maps.LatLng,(,37.90902299,",",127.20199,),","
new google.maps.LatLng,(,37.57664656,",",127.10832,),","
new google.maps.LatLng,(,37.42757593,",",126.8693182,),","
new google.maps.LatLng,(,37.70537392,",",127.1502456,),","
new google.maps.LatLng,(,37.70883843,",",127.1453509,),","
new google.maps.LatLng,(,37.59323343,",",127.5271979,),","
new google.maps.LatLng,(,37.25462832,",",126.9096511,),","
new google.maps.LatLng,(,37.163662,",",126.7435494,),","
new google.maps.LatLng,(,37.34050531,",",127.0112553,),","
new google.maps.LatLng,(,37.83194032,",",126.8099263,),","
new google.maps.LatLng,(,37.87338642,",",126.8118143,),","
new google.maps.LatLng,(,37.69237966,",",126.9247748,),","
new google.maps.LatLng,(,37.59703048,",",127.1975096,),","
new google.maps.LatLng,(,37.11964823,",",126.9692048,),","
new google.maps.LatLng,(,37.78217791,",",127.1402255,),","
new google.maps.LatLng,(,37.37022513,",",127.2221425,),","
new google.maps.LatLng,(,37.63825224,",",127.4010642,),","
new google.maps.LatLng,(,37.91498862,",",126.868419,),","
new google.maps.LatLng,(,37.99862922,",",127.3584214,),","
new google.maps.LatLng,(,37.74364257,",",127.4233617,),","
new google.maps.LatLng,(,37.20160588,",",126.7427821,),","
new google.maps.LatLng,(,37.64733726,",",127.225028,),","
new google.maps.LatLng,(,37.3777765,",",126.769972,),","
new google.maps.LatLng,(,37.35229663,",",127.7261227,),","
new google.maps.LatLng,(,37.82765284,",",126.751344,),","
new google.maps.LatLng,(,38.17850894,",",127.0943107,),","
new google.maps.LatLng,(,37.88654299,",",126.7874309,),","
new google.maps.LatLng,(,37.68592951,",",126.568507,),","
new google.maps.LatLng,(,37.67249458,",",127.2831603,),","
new google.maps.LatLng,(,37.7223805,",",127.0048215,),","
new google.maps.LatLng,(,37.66216881,",",127.351076,),","
new google.maps.LatLng,(,37.35322199,",",126.8837052,),","
new google.maps.LatLng,(,37.97684462,",",127.0627603,),","
new google.maps.LatLng,(,37.57251299,",",127.294637,),","
new google.maps.LatLng,(,37.9708183,",",127.0610939,),","
new google.maps.LatLng,(,37.68061332,",",127.5382187,),","
new google.maps.LatLng,(,37.27814689,",",126.5674335,),","
new google.maps.LatLng,(,37.43333729,",",127.6920118,),","
new google.maps.LatLng,(,37.73101478,",",127.3992023,),","
new google.maps.LatLng,(,37.44905924,",",127.3633308,),","
new google.maps.LatLng,(,37.72555001,",",127.4308411,),","
new google.maps.LatLng,(,37.68601821,",",126.8814175,),","
new google.maps.LatLng,(,37.18702271,",",126.7288448,),","
new google.maps.LatLng,(,37.39031319,",",127.3241513,),","
new google.maps.LatLng,(,37.43886053,",",127.3156656,),","
new google.maps.LatLng,(,37.6961547,",",126.6552546,),","
new google.maps.LatLng,(,37.66505722,",",127.2444162,),","
new google.maps.LatLng,(,37.20726788,",",126.9501281,),","
new google.maps.LatLng,(,37.72473129,",",126.546423,),","
new google.maps.LatLng,(,37.70788432,",",127.5077736,),","
new google.maps.LatLng,(,37.18230595,",",126.8930509,),","
new google.maps.LatLng,(,37.50438731,",",127.7165155,),","
new google.maps.LatLng,(,37.44105778,",",127.5994134,),","
new google.maps.LatLng,(,37.44194403,",",127.5244229,),","
new google.maps.LatLng,(,37.20348993,",",126.6710103,),","
new google.maps.LatLng,(,37.63799893,",",126.9030901,),","
new google.maps.LatLng,(,37.71850614,",",126.5419017,),","
new google.maps.LatLng,(,37.85639027,",",127.041573,),","
new google.maps.LatLng,(,37.09348573,",",127.3167038,),","
new google.maps.LatLng,(,37.435306,",",127.2115303,),","
new google.maps.LatLng,(,37.72959228,",",126.9293639,),","
new google.maps.LatLng,(,37.37845191,",",127.3436859,),","
new google.maps.LatLng,(,37.74328173,",",126.8355278,),","
new google.maps.LatLng,(,37.72984883,",",126.8803364,),","
new google.maps.LatLng,(,37.68195032,",",127.1106281,),","
new google.maps.LatLng,(,37.39503566,",",127.4103781,),","
new google.maps.LatLng,(,37.21761861,",",127.2552127,),","
new google.maps.LatLng,(,37.66388506,",",126.9688811,),","
new google.maps.LatLng,(,37.45308926,",",127.5694468,),","
new google.maps.LatLng,(,37.45308926,",",127.5694468,),","
new google.maps.LatLng,(,37.56179862,",",127.3068101,),","
new google.maps.LatLng,(,37.73953707,",",126.6098077,),","
new google.maps.LatLng,(,37.58997041,",",127.4905079,),","
new google.maps.LatLng,(,37.21457047,",",126.5435548,),","
new google.maps.LatLng,(,37.1015768,",",126.4498459,),","
new google.maps.LatLng,(,37.95188529,",",127.2981219,),","
new google.maps.LatLng,(,36.91600795,",",127.2783256,),","
new google.maps.LatLng,(,36.92519629,",",127.2755753,),","
new google.maps.LatLng,(,37.99598652,",",127.1245255,),","
new google.maps.LatLng,(,37.45125385,",",127.4010202,),","
new google.maps.LatLng,(,37.98098497,",",126.9868444,),","
new google.maps.LatLng,(,37.73296127,",",127.3818661,),","
new google.maps.LatLng,(,38.0330697,",",127.3244513,),","
new google.maps.LatLng,(,37.73099214,",",127.199357,),","
new google.maps.LatLng,(,37.99229514,",",127.3002304,),","
new google.maps.LatLng,(,37.73693577,",",127.3842574,),","
new google.maps.LatLng,(,37.67483287,",",127.5393901,),","
new google.maps.LatLng,(,37.56223153,",",127.1075413,),","
new google.maps.LatLng,(,38.06434009,",",127.2783469,),","
new google.maps.LatLng,(,37.63267322,",",127.5362433,),","
new google.maps.LatLng,(,37.34514557,",",126.8804565,),","
new google.maps.LatLng,(,37.72284347,",",126.9152491,),","
new google.maps.LatLng,(,37.53893461,",",127.2591705,),","
new google.maps.LatLng,(,37.14921145,",",126.8992051,),","
new google.maps.LatLng,(,37.72353774,",",126.9159742,),","
new google.maps.LatLng,(,37.34667866,",",127.3970704,),","
new google.maps.LatLng,(,37.48674845,",",127.3776,),","
new google.maps.LatLng,(,37.3238154,",",127.0309976,),","
new google.maps.LatLng,(,37.42638525,",",127.0363571,),","
new google.maps.LatLng,(,37.3682488,",",126.7421402,),","
new google.maps.LatLng,(,37.4545148,",",126.7839972,),","
new google.maps.LatLng,(,37.96406742,",",127.0472623,),","
new google.maps.LatLng,(,37.33219808,",",126.997116,),","
new google.maps.LatLng,(,37.77383648,",",126.7862581,),","
new google.maps.LatLng,(,37.77834351,",",126.8820446,),","
new google.maps.LatLng,(,37.71715392,",",126.8715901,),","
new google.maps.LatLng,(,37.84666496,",",126.9208858,),","
new google.maps.LatLng,(,37.65500768,",",127.4174833,),","
new google.maps.LatLng,(,37.70615408,",",126.9971098,),","
new google.maps.LatLng,(,37.71796428,",",127.0707969,),","
new google.maps.LatLng,(,37.82242171,",",127.2334681,),","
new google.maps.LatLng,(,37.69033029,",",127.0988777,),","
new google.maps.LatLng,(,37.67171415,",",126.9678007,),","
new google.maps.LatLng,(,37.66364117,",",127.1468926,),","
new google.maps.LatLng,(,37.4080567,",",126.9262343,),","
new google.maps.LatLng,(,37.66393349,",",127.2507953,),","
new google.maps.LatLng,(,37.39350872,",",127.4294658,),","
new google.maps.LatLng,(,37.25778596,",",126.6774794,),","
new google.maps.LatLng,(,37.9496337,",",127.3152927,),","
new google.maps.LatLng,(,38.08333489,",",127.1949048,),","
new google.maps.LatLng,(,37.89624398,",",126.86386,),","
new google.maps.LatLng,(,38.08464721,",",127.3306954,),","
new google.maps.LatLng,(,37.67414064,",",127.305646,),","
new google.maps.LatLng,(,37.65593341,",",126.5825639,),","
new google.maps.LatLng,(,37.71973521,",",127.4314085,),","
new google.maps.LatLng,(,37.79820275,",",127.0245115,),","
new google.maps.LatLng,(,38.05817647,",",127.3738862,),","
new google.maps.LatLng,(,37.55134394,",",127.2818007,),","
new google.maps.LatLng,(,37.42638525,",",127.0363571,),","
new google.maps.LatLng,(,37.52032466,",",127.2352502,),","
new google.maps.LatLng,(,37.74399051,",",127.1367852,),","
new google.maps.LatLng,(,37.30213604,",",127.2743923,),","
new google.maps.LatLng,(,37.23824529,",",127.3338578,),","
new google.maps.LatLng,(,38.12791423,",",127.1561648,),","
new google.maps.LatLng,(,37.38307285,",",127.6999486,),","
new google.maps.LatLng,(,38.10825008,",",127.2178536,),","
new google.maps.LatLng,(,37.35487561,",",127.4625999,),","
new google.maps.LatLng,(,38.18262889,",",127.1386569,),","
new google.maps.LatLng,(,38.19002047,",",127.1266053,),","
new google.maps.LatLng,(,37.81480682,",",126.8704748,),","
new google.maps.LatLng,(,37.71479325,",",127.1259811,),","
new google.maps.LatLng,(,37.33067962,",",127.0765285,),","
new google.maps.LatLng,(,37.26985213,",",127.4146632,),","
new google.maps.LatLng,(,37.22008488,",",127.6293059,),","
new google.maps.LatLng,(,37.98576375,",",127.3071818,),","
new google.maps.LatLng,(,37.23356298,",",127.7463523,),","
new google.maps.LatLng,(,37.27818415,",",127.3802508,),","
new google.maps.LatLng,(,37.79019993,",",127.0350106,),","
new google.maps.LatLng,(,37.13914595,",",127.2276303,),","
new google.maps.LatLng,(,37.3331712,",",127.0083659,),","
new google.maps.LatLng,(,37.60113919,",",127.1283259,),","
new google.maps.LatLng,(,37.67130527,",",127.4073387,),","
new google.maps.LatLng,(,37.58213347,",",127.2452127,),","
new google.maps.LatLng,(,37.74960346,",",126.9460662,),","
new google.maps.LatLng,(,37.7894346,",",127.4386453,),","
new google.maps.LatLng,(,37.32786972,",",127.2165133,),","
new google.maps.LatLng,(,37.46119007,",",127.7181355,),","
new google.maps.LatLng,(,37.71685064,",",127.0338353,),","
new google.maps.LatLng,(,37.57664656,",",127.10832,),","
new google.maps.LatLng,(,37.09856841,",",127.378447,),","
new google.maps.LatLng,(,37.28209294,",",126.5552439,),","
new google.maps.LatLng,(,37.63623125,",",127.6091613,),","
new google.maps.LatLng,(,37.49269917,",",127.7504284,),","
new google.maps.LatLng,(,37.43638733,",",126.9729164,),","
new google.maps.LatLng,(,37.58997041,",",127.4905079,),","
new google.maps.LatLng,(,37.72604419,",",127.1649178,),","
new google.maps.LatLng,(,37.45099447,",",126.9816918,),","
new google.maps.LatLng,(,38.15749293,",",127.1538612,),","
new google.maps.LatLng,(,37.7929985,",",126.7347624,),","
new google.maps.LatLng,(,37.46285161,",",127.7398402,),","
new google.maps.LatLng,(,37.69533979,",",127.1259959,),","
new google.maps.LatLng,(,37.7380752,",",127.233331,),","
new google.maps.LatLng,(,37.49085315,",",127.1716225,),","
new google.maps.LatLng,(,38.2340369,",",127.0728845,),","
new google.maps.LatLng,(,37.56872897,",",127.2425541,),","
new google.maps.LatLng,(,37.35887378,",",127.2814256,),","
new google.maps.LatLng,(,37.75962306,",",126.8785788,),","
new google.maps.LatLng,(,38.06963846,",",126.892934,),","
new google.maps.LatLng,(,37.34593134,",",127.4501313,),","
new google.maps.LatLng,(,36.97303368,",",127.3358954,),","
new google.maps.LatLng,(,37.44388312,",",127.034941,),","
new google.maps.LatLng,(,37.41385673,",",127.0108342,),","
new google.maps.LatLng,(,37.92343503,",",127.0058162,),","
new google.maps.LatLng,(,37.67357704,",",126.9613048,),","
new google.maps.LatLng,(,38.04181188,",",127.0937897,),","
new google.maps.LatLng,(,37.27226235,",",126.8182709,),","
new google.maps.LatLng,(,36.95741622,",",127.3268113,),","
new google.maps.LatLng,(,37.72626496,",",127.1744465,),","
new google.maps.LatLng,(,37.28141235,",",127.3099995,),","
new google.maps.LatLng,(,37.73431811,",",127.0076012,),","
new google.maps.LatLng,(,37.1671261,",",127.6841943,),","
new google.maps.LatLng,(,38.06894908,",",127.3052217,),","
new google.maps.LatLng,(,37.68918169,",",126.9611034,),","
new google.maps.LatLng,(,37.37241037,",",126.7416404,),","
new google.maps.LatLng,(,37.91776665,",",126.7499245,),","
new google.maps.LatLng,(,37.38542144,",",127.3972392,),","
new google.maps.LatLng,(,37.31598395,",",126.9159267,),","
new google.maps.LatLng,(,37.49269917,",",127.7504284,),","
new google.maps.LatLng,(,37.14638583,",",126.9087711,),","
new google.maps.LatLng,(,37.6071521,",",127.4626758,),","
new google.maps.LatLng,(,36.94289123,",",127.3200143,),","
new google.maps.LatLng,(,37.51298827,",",127.2281014,),","
new google.maps.LatLng,(,37.42312787,",",126.7812756,),","
new google.maps.LatLng,(,37.67657228,",",126.5479877,),","
new google.maps.LatLng,(,37.77714933,",",127.1985257,),","
new google.maps.LatLng,(,37.9602079,",",126.8479455,),","
new google.maps.LatLng,(,37.33278346,",",126.9928395,),","
new google.maps.LatLng,(,37.99300721,",",127.0782216,),","
new google.maps.LatLng,(,37.46830381,",",127.6734529,),","
new google.maps.LatLng,(,37.06610103,",",127.3338955,),","
new google.maps.LatLng,(,37.17037206,",",127.5595603,),","
new google.maps.LatLng,(,37.06895483,",",127.1665792,),","
new google.maps.LatLng,(,37.13338971,",",126.69118,),","
new google.maps.LatLng,(,37.77545188,",",126.9726098,),","
new google.maps.LatLng,(,37.14419262,",",126.9684848,),","
new google.maps.LatLng,(,37.21823844,",",126.6802857,),","
new google.maps.LatLng,(,37.64250409,",",127.4296165,),","
new google.maps.LatLng,(,37.81097064,",",126.7005726,),","
new google.maps.LatLng,(,37.44154771,",",126.927285,),","
new google.maps.LatLng,(,37.66388506,",",126.9688811,),","
new google.maps.LatLng,(,37.4951979,",",127.6967637,),","
new google.maps.LatLng,(,37.35487561,",",127.4625999,),","
new google.maps.LatLng,(,37.6349213,",",127.5411649,),","
new google.maps.LatLng,(,37.04918355,",",127.267542,),","
new google.maps.LatLng,(,36.95331271,",",127.3346531,),","
new google.maps.LatLng,(,37.44336233,",",127.3870452,),","
new google.maps.LatLng,(,36.97100026,",",127.3474759,),","
new google.maps.LatLng,(,37.16199732,",",126.9157994,),","
new google.maps.LatLng,(,37.50455102,",",127.3293524,),","
new google.maps.LatLng,(,37.47407565,",",127.3071641,),","
new google.maps.LatLng,(,37.61062094,",",127.288636,),","
new google.maps.LatLng,(,37.94445314,",",126.7589798,),","
new google.maps.LatLng,(,37.44972311,",",127.6445508,),","
new google.maps.LatLng,(,37.43898171,",",127.3527955,),","
new google.maps.LatLng,(,38.22379288,",",127.1194908,),","
new google.maps.LatLng,(,37.70190995,",",127.2557164,),","
new google.maps.LatLng,(,37.71112281,",",126.5766161,),","
new google.maps.LatLng,(,37.73204501,",",127.2054175,),","
new google.maps.LatLng,(,37.86046763,",",127.2425864,),","
new google.maps.LatLng,(,38.07016725,",",126.9978107,),","
new google.maps.LatLng,(,37.61062094,",",127.288636,),","
new google.maps.LatLng,(,37.61670446,",",126.6285076,),","
new google.maps.LatLng,(,37.24001434,",",126.9230126,),","
new google.maps.LatLng,(,37.06951493,",",127.2010787,),","
new google.maps.LatLng,(,37.07138027,",",127.1898837,),","
new google.maps.LatLng,(,37.41153821,",",127.4744221,),","
new google.maps.LatLng,(,37.51443562,",",127.267864,),","
new google.maps.LatLng,(,37.84760662,",",126.9148857,),","
new google.maps.LatLng,(,37.37422159,",",127.0016965,),","
new google.maps.LatLng,(,37.39597261,",",126.8074089,),","
new google.maps.LatLng,(,37.73353471,",",126.5513944,),","
new google.maps.LatLng,(,37.33648048,",",127.31172,),","
new google.maps.LatLng,(,37.4253962,",",127.5706163,),","
new google.maps.LatLng,(,37.15308721,",",126.9174869,),","
new google.maps.LatLng,(,37.86183152,",",126.8449811,),","
new google.maps.LatLng,(,37.73270327,",",126.5699242,),","
new google.maps.LatLng,(,37.02444213,",",127.3597866,),","
new google.maps.LatLng,(,37.21346092,",",126.9231307,),","
new google.maps.LatLng,(,37.87521396,",",126.9184673,),","
new google.maps.LatLng,(,37.93052245,",",127.1091417,),","
new google.maps.LatLng,(,37.19213528,",",127.2184617,),","
new google.maps.LatLng,(,37.42248084,",",127.5809762,),","
new google.maps.LatLng,(,37.6969562,",",126.8372584,),","
new google.maps.LatLng,(,37.26248315,",",126.9069584,),","
new google.maps.LatLng,(,37.72978735,",",126.5634753,),","
new google.maps.LatLng,(,37.73806903,",",126.9031374,),","
new google.maps.LatLng,(,36.98111485,",",127.227736,),","
new google.maps.LatLng,(,37.20299259,",",126.9410971,),","
new google.maps.LatLng,(,37.48505888,",",127.7418386,),","
new google.maps.LatLng,(,37.22859771,",",126.842525,),","
new google.maps.LatLng,(,37.39968825,",",126.8041015,),
